{"days":3,"cum":-0.000983758729381945,"vol":0.0008163343339967,"mdd":-0.0014821386503703904}