{"days":2,"cum":-0.009000000000000008,"vol":0.0045,"mdd":-0.009000000000000008}